<?xml version="1.0" encoding="ISO-8859-1" ?>
<concert>
 
<details>
<username>user1</username>
<password>pass1</password>
<email>user1@abc.com</email>
</details>
 
<details>
<username>user2</username>
<password>pass2</password>
<email>user2@abc.com</email>
</details>
 
<details>
<username>user3</username>
<password>pass3</password>
<email>user3@abc.com</email>
</details>
 
<details>
<username>user4</username>
<password>pass4</password>
<email>user4@abc.com</email>
</details>
 
</concert>

     
 